{
  "project_info": {
    "project_number": "902246198008",
    "firebase_url": "https://dcuniverser-36ae9-default-rtdb.firebaseio.com",
    "project_id": "dcuniverser-36ae9",
    "storage_bucket": "dcuniverser-36ae9.appspot.com"
  },
  "client": [
    {
      "client_info": {
        "mobilesdk_app_id": "1:902246198008:android:5c2b05e569de2c1446690d",
        "android_client_info": {
          "package_name": "com.example.dcuniverse"
        }
      },
      "oauth_client": [
        {
          "client_id": "902246198008-46hnbt256tqhac4dtr9hpd14oa880tjn.apps.googleusercontent.com",
          "client_type": 3
        }
      ],
      "api_key": [
        {
          "current_key": "AIzaSyD3dzwNvyfoPcCn9Fd251Wd3MLm3NhmbfQ"
        }
      ],
      "services": {
        "appinvite_service": {
          "other_platform_oauth_client": [
            {
              "client_id": "902246198008-46hnbt256tqhac4dtr9hpd14oa880tjn.apps.googleusercontent.com",
              "client_type": 3
            }
          ]
        }
      }
    }
  ],
  "configuration_version": "1"
}